device_type,control_n,treatment_n,control_rate,treatment_rate,absolute_lift,relative_lift,z_statistic,p_value,ci_low,ci_high
desktop,8504,8701,0.1845014111006585,0.19790828640386163,0.013406875303203114,0.07266543504043299,2.235430530068734,0.02538909765005099,0.001657406260053649,0.02515634434635258
mobile,14452,14330,0.11603930251868254,0.13433356594556875,0.018294263426886212,0.15765575136872956,4.689891195916613,2.733503616444053e-06,0.010649754461644394,0.02593877239212803
tablet,2044,1969,0.1487279843444227,0.17216861350939563,0.023440629164972943,0.15760738820133113,2.023702699825761,0.04300075063981463,0.0007247784896381657,0.04615647984030772
